20-Aug-20;cheque;3,391.02;0;83,839.30
20-Aug-20;atm;1,47,844.20;0;2,31,683.50
20-Aug-20;imps;17,192.00;0;2,48,875.50
21-Aug-20;transfer;8;0;2,48,883.50
21-Aug-20;purchase;0;82,961.17;1,65,922.33
21-Aug-20;tax;24,459.40;0;1,90,381.73
21-Aug-20;reversal;0;19,038.17;1,71,343.56
21-Aug-20;commission;3,05,878.00;0;4,77,221.56
21-Aug-20;reversal;11,44,337.80;0;16,21,559.36
21-Aug-20;interest;0;4,05,389.84;12,16,169.52
21-Aug-20;commission;33.08;0;12,16,202.60
21-Aug-20;commission;20,014.02;0;12,36,216.62
21-Aug-20;atm;0;12,36,216.62;0
22-Aug-20;cash;4,031.60;0;4,031.60
22-Aug-20;cheque;4.9;0;4,036.50
22-Aug-20;miscellaneous;488.61;0;4,525.11
22-Aug-20;interest;6,67,800.00;0;6,72,325.11
22-Aug-20;reversal;0;1,12,054.19;5,60,270.93
22-Aug-20;purchase;1,62,939.70;0;7,23,210.63
22-Aug-20;interest;361;0;7,23,571.63
22-Aug-20;neft;0;72,357.16;6,51,214.47
23-Aug-20;purchase;0;93,030.64;5,58,183.83
23-Aug-20;neft;0;93,030.64;4,65,153.19
23-Aug-20;cheque;0;51,683.69;4,13,469.50
23-Aug-20;purchase;0;45,941.06;3,67,528.44
23-Aug-20;miscellaneous;63.65;0;3,67,592.09
23-Aug-20;debit card;3;0;3,67,595.09
23-Aug-20;cash;6,50,861.00;0;10,18,456.09
23-Aug-20;transfer;34.93;0;10,18,491.02
23-Aug-20;miscellaneous;0;10,18,491.02;0
23-Aug-20;purchase;6.11;0;6.11
23-Aug-20;rtgs;15,980.88;0;15,986.99
23-Aug-20;atm;0;15,986.99;0
23-Aug-20;rtgs;306.5;0;306.5
23-Aug-20;purchase;0;61.3;245.2
23-Aug-20;tax;46;0;291.2
23-Aug-20;debit card;0;97.07;194.13
23-Aug-20;commission;0;19.41;174.72
23-Aug-20;rtgs;6;0;180.72
23-Aug-20;bill;3,270.84;0;3,451.56
23-Aug-20;transfer;0;1,150.52;2,301.04
23-Aug-20;neft;0;328.72;1,972.32
23-Aug-20;bill;0;197.23;1,775.09
23-Aug-20;tax;0;355.02;1,420.07
23-Aug-20;rtgs;0;142.01;1,278.06
23-Aug-20;purchase;0;127.81;1,150.25
23-Aug-20;bill;27,458.28;0;28,608.53
23-Aug-20;neft;0;2,860.85;25,747.68
23-Aug-20;cash;355.23;0;26,102.91
23-Aug-20;neft;10,59,877.50;0;10,85,980.41
23-Aug-20;reversal;0;5,42,990.21;5,42,990.20
23-Aug-20;tax;0;1,35,747.55;4,07,242.65
23-Aug-20;atm;0;58,177.52;3,49,065.13
23-Aug-20;interest;0;87,266.28;2,61,798.85
23-Aug-20;cheque;2,952.00;0;2,64,750.85
23-Aug-20;imps;0;66,187.71;1,98,563.14
23-Aug-20;neft;0;66,187.71;1,32,375.43
23-Aug-20;miscellaneous;9.76;0;1,32,385.19
23-Aug-20;interest;253.26;0;1,32,638.45
23-Aug-20;cash;0;26,527.69;1,06,110.76
23-Aug-20;interest;5.9;0;1,06,116.66
23-Aug-20;rtgs;10,46,966.50;0;11,53,083.16
23-Aug-20;reversal;0;1,44,135.40;10,08,947.76
23-Aug-20;debit card;5;0;10,08,952.76
23-Aug-20;bill;0;1,26,119.10;8,82,833.66
23-Aug-20;interest;66.7;0;8,82,900.36
23-Aug-20;debit card;6;0;8,82,906.36
23-Aug-20;bill;0;88,290.64;7,94,615.72
23-Aug-20;bill;0;99,326.97;6,95,288.76
23-Aug-20;interest;0;69,528.88;6,25,759.88
23-Aug-20;bill;33.7;0;6,25,793.58
23-Aug-20;cheque;429.53;0;6,26,223.11
23-Aug-20;bill;10,52,738.00;0;16,78,961.11
23-Aug-20;cash;0;16,78,961.11;0
23-Aug-20;debit card;32,515.61;0;32,515.61
23-Aug-20;rtgs;291.2;0;32,806.81
23-Aug-20;commission;11,90,196.80;0;12,23,003.61
23-Aug-20;debit card;10,43,426.00;0;22,66,429.61
23-Aug-20;miscellaneous;0;2,83,303.70;19,83,125.91
23-Aug-20;reversal;6.7;0;19,83,132.61
23-Aug-20;interest;0;2,20,348.07;17,62,784.54
23-Aug-20;cheque;0;4,40,696.14;13,22,088.40
23-Aug-20;transfer;26.9;0;13,22,115.30
23-Aug-20;neft;8;0;13,22,123.30
23-Aug-20;rtgs;6,899.92;0;13,29,023.22
23-Aug-20;debit card;1,413.00;0;13,30,436.22
23-Aug-20;commission;0;4,43,478.74;8,86,957.48
23-Aug-20;bill;0;1,26,708.21;7,60,249.27
23-Aug-20;miscellaneous;0;1,08,607.04;6,51,642.23
23-Aug-20;transfer;308.8;0;6,51,951.03
24-Aug-20;cash;0;1,08,658.51;5,43,292.52
24-Aug-20;tax;3,92,733.00;0;9,36,025.52
24-Aug-20;reversal;0;9,36,025.52;0
24-Aug-20;commission;6.5;0;6.5
24-Aug-20;imps;7,264.00;0;7,270.50
24-Aug-20;rtgs;81,053.00;0;88,323.50
24-Aug-20;cheque;21,261.31;0;1,09,584.81
24-Aug-20;interest;0;10,958.48;98,626.33
24-Aug-20;transfer;12.21;0;98,638.54
24-Aug-20;purchase;0;16,439.76;82,198.78
24-Aug-20;commission;0;13,699.80;68,498.98
25-Aug-20;neft;32.9;0;68,531.88
25-Aug-20;debit card;0;68,531.88;0
25-Aug-20;reversal;0.14;0;0.14
25-Aug-20;cash;0;0.07;0.07
25-Aug-20;cheque;0;0.01;0.06
25-Aug-20;cheque;19.7;0;19.76
26-Aug-20;miscellaneous;0;2.82;16.94
26-Aug-20;transfer;0;2.42;14.52
26-Aug-20;miscellaneous;0;4.84;9.68
26-Aug-20;interest;8,877.00;0;8,886.68
26-Aug-20;bill;0;888.67;7,998.01
26-Aug-20;purchase;0;1,142.57;6,855.44
26-Aug-20;transfer;0;856.93;5,998.51
26-Aug-20;commission;3,72,901.00;0;3,78,899.51
26-Aug-20;neft;103.45;0;3,79,002.96
26-Aug-20;tax;3.5;0;3,79,006.46
26-Aug-20;purchase;0;1,26,335.49;2,52,670.97
26-Aug-20;atm;28,882.63;0;2,81,553.60
26-Aug-20;tax;0;70,388.40;2,11,165.20
26-Aug-20;atm;0;26,395.65;1,84,769.55
26-Aug-20;reversal;10,42,156.00;0;12,26,925.55
26-Aug-20;commission;0;3,06,731.39;9,20,194.16
26-Aug-20;cheque;0;3,06,731.39;6,13,462.77
26-Aug-20;neft;5,077.00;0;6,18,539.77
26-Aug-20;reversal;0;77,317.47;5,41,222.30
26-Aug-20;tax;502.53;0;5,41,724.83
26-Aug-20;atm;3,04,576.00;0;8,46,300.83
26-Aug-20;imps;242.65;0;8,46,543.48
26-Aug-20;atm;0;1,20,934.78;7,25,608.70
26-Aug-20;reversal;30;0;7,25,638.70
26-Aug-20;neft;49,253.00;0;7,74,891.70
26-Aug-20;imps;26;0;7,74,917.70
26-Aug-20;debit card;0;1,54,983.54;6,19,934.16
26-Aug-20;tax;0;61,993.42;5,57,940.74
26-Aug-20;commission;0;5,57,940.74;0
26-Aug-20;neft;20,50,673.75;0;20,50,673.75
26-Aug-20;commission;11,41,399.50;0;31,92,073.25
26-Aug-20;debit card;0;4,56,010.46;27,36,062.79
26-Aug-20;miscellaneous;0;5,47,212.56;21,88,850.23
26-Aug-20;interest;6,572.59;0;21,95,422.82
26-Aug-20;commission;8;0;21,95,430.82
26-Aug-20;commission;0;4,39,086.16;17,56,344.66
26-Aug-20;debit card;3;0;17,56,347.66
26-Aug-20;rtgs;15,18,839.80;0;32,75,187.46
26-Aug-20;interest;0;5,45,864.58;27,29,322.88
26-Aug-20;miscellaneous;1;0;27,29,323.88
26-Aug-20;cash;446.57;0;27,29,770.45
26-Aug-20;interest;20,133.00;0;27,49,903.45
26-Aug-20;purchase;0;2,74,990.35;24,74,913.10
26-Aug-20;cheque;1,377.60;0;24,76,290.70
26-Aug-20;atm;0;4,95,258.14;19,81,032.56
26-Aug-20;commission;1,08,095.72;0;20,89,128.28
27-Aug-20;neft;14,753.10;0;21,03,881.38
27-Aug-20;interest;31.2;0;21,03,912.58
27-Aug-20;imps;31;0;21,03,943.58
27-Aug-20;bill;29,117.76;0;21,33,061.34
27-Aug-20;neft;80.8;0;21,33,142.14
27-Aug-20;tax;0;2,66,642.77;18,66,499.37
27-Aug-20;debit card;0;1,86,649.94;16,79,849.43
27-Aug-20;debit card;0;1,67,984.94;15,11,864.49
27-Aug-20;miscellaneous;0;5,03,954.83;10,07,909.66
27-Aug-20;rtgs;12,216.00;0;10,20,125.66
27-Aug-20;purchase;307;0;10,20,432.66
27-Aug-20;transfer;0;10,20,432.66;0
27-Aug-20;cheque;4;0;4
27-Aug-20;transfer;0;2;2
27-Aug-20;bill;0;0.25;1.75
27-Aug-20;commission;0;0.25;1.5
27-Aug-20;purchase;0;1.5;0
28-Aug-20;debit card;431.98;0;431.98
28-Aug-20;debit card;1,94,391.10;0;1,94,823.08
29-Aug-20;reversal;0;48,705.77;1,46,117.31
29-Aug-20;rtgs;0;18,264.66;1,27,852.65
29-Aug-20;reversal;0;1,27,852.65;0
29-Aug-20;atm;84.6;0;84.6
29-Aug-20;imps;28,480.00;0;28,564.60
29-Aug-20;cheque;1,980.76;0;30,545.36
29-Aug-20;debit card;0;15,272.68;15,272.68
29-Aug-20;rtgs;14,91,695.00;0;15,06,967.68
29-Aug-20;neft;0;1,67,440.85;13,39,526.83
29-Aug-20;cheque;0;13,39,526.83;0
29-Aug-20;debit card;3;0;3
29-Aug-20;miscellaneous;31.14;0;34.14
29-Aug-20;purchase;0;8.54;25.6
29-Aug-20;miscellaneous;6,982.43;0;7,008.03
30-Aug-20;miscellaneous;7;0;7,015.03
31-Aug-20;atm;2,256.82;0;9,271.85
31-Aug-20;bill;31,814.10;0;41,085.95
31-Aug-20;commission;14,34,390.00;0;14,75,475.95
31-Aug-20;transfer;0;3,68,868.99;11,06,606.96
31-Aug-20;cheque;0;2,21,321.39;8,85,285.57
31-Aug-20;neft;19,94,907.80;0;28,80,193.37
31-Aug-20;bill;7,456.80;0;28,87,650.17
31-Aug-20;purchase;40.7;0;28,87,690.87
31-Aug-20;cheque;2,267.40;0;28,89,958.27
31-Aug-20;bill;0;14,44,979.14;14,44,979.14
31-Aug-20;reversal;0;3,61,244.79;10,83,734.36
31-Aug-20;transfer;7,249.00;0;10,90,983.36
31-Aug-20;transfer;0;1,21,220.37;9,69,762.99
31-Aug-20;reversal;0;96,976.30;8,72,786.69
31-Aug-20;reversal;6.1;0;8,72,792.79
31-Aug-20;commission;0;1,45,465.47;7,27,327.32
31-Aug-20;imps;68,690.00;0;7,96,017.32
31-Aug-20;transfer;0;1,99,004.33;5,97,012.99
31-Aug-20;bill;0;66,334.78;5,30,678.21
31-Aug-20;tax;0;66,334.78;4,64,343.43
31-Aug-20;bill;0;4,64,343.43;0
31-Aug-20;miscellaneous;53.2;0;53.2
31-Aug-20;commission;2.3;0;55.5
01-Sep-20;atm;0;6.17;49.33
01-Sep-20;atm;9,84,263.00;0;9,84,312.33
01-Sep-20;cheque;1,54,027.00;0;11,38,339.33
01-Sep-20;interest;1,366.00;0;11,39,705.33
01-Sep-20;debit card;0;1,42,463.17;9,97,242.16
01-Sep-20;interest;0;2,49,310.54;7,47,931.62
01-Sep-20;cheque;0;2,49,310.54;4,98,621.08
01-Sep-20;tax;274.2;0;4,98,895.28
01-Sep-20;neft;0;2,49,447.64;2,49,447.64
01-Sep-20;imps;7,158.00;0;2,56,605.64
01-Sep-20;debit card;9.7;0;2,56,615.34
01-Sep-20;atm;0;1,28,307.67;1,28,307.67
01-Sep-20;rtgs;1,573.20;0;1,29,880.87
01-Sep-20;bill;181.5;0;1,30,062.37
01-Sep-20;cash;6.62;0;1,30,068.99
02-Sep-20;cheque;2,025.80;0;1,32,094.79
02-Sep-20;commission;0;1,32,094.79;0
03-Sep-20;tax;2,10,326.00;0;2,10,326.00
03-Sep-20;commission;13,50,758.80;0;15,61,084.80
03-Sep-20;atm;0;1,73,453.87;13,87,630.93
03-Sep-20;atm;0;13,87,630.93;0
03-Sep-20;commission;3,482.97;0;3,482.97
03-Sep-20;atm;21,814.90;0;25,297.87
03-Sep-20;tax;0;6,324.47;18,973.40
03-Sep-20;reversal;0;3,162.23;15,811.17
03-Sep-20;atm;0;1,976.40;13,834.77
03-Sep-20;transfer;18,63,596.80;0;18,77,431.57
03-Sep-20;transfer;0;6,25,810.52;12,51,621.05
03-Sep-20;transfer;0;3,12,905.26;9,38,715.79
03-Sep-20;transfer;2,973.90;0;9,41,689.69
03-Sep-20;reversal;23;0;9,41,712.69
04-Sep-20;tax;0;1,17,714.09;8,23,998.60
04-Sep-20;reversal;0;4,11,999.30;4,11,999.30
04-Sep-20;imps;7.17;0;4,12,006.47
04-Sep-20;miscellaneous;0;41,200.65;3,70,805.82
04-Sep-20;cash;0;52,972.26;3,17,833.56
04-Sep-20;reversal;0;1,58,916.78;1,58,916.78
04-Sep-20;atm;1,65,605.00;0;3,24,521.78
04-Sep-20;neft;0;36,057.98;2,88,463.80
04-Sep-20;atm;0;1,44,231.90;1,44,231.90
04-Sep-20;neft;288.8;0;1,44,520.70
04-Sep-20;bill;0;48,173.57;96,347.13
04-Sep-20;reversal;12;0;96,359.13
04-Sep-20;imps;13;0;96,372.13
04-Sep-20;reversal;1,90,301.80;0;2,86,673.93
04-Sep-20;bill;3.93;0;2,86,677.86
04-Sep-20;cash;51,929.00;0;3,38,606.86
04-Sep-20;miscellaneous;49;0;3,38,655.86
05-Sep-20;transfer;0;1,12,885.29;2,25,770.57
05-Sep-20;transfer;1;0;2,25,771.57
05-Sep-20;rtgs;33,552.00;0;2,59,323.57
05-Sep-20;reversal;0;37,046.22;2,22,277.35
05-Sep-20;purchase;1,296.70;0;2,23,574.05
05-Sep-20;interest;114;0;2,23,688.05
05-Sep-20;rtgs;1,999.40;0;2,25,687.45
05-Sep-20;bill;6;0;2,25,693.45
05-Sep-20;cheque;0;32,241.92;1,93,451.53
05-Sep-20;purchase;0;19,345.15;1,74,106.38
05-Sep-20;bill;2,554.90;0;1,76,661.28
05-Sep-20;rtgs;0;22,082.66;1,54,578.62
05-Sep-20;bill;1,59,303.28;0;3,13,881.90
05-Sep-20;neft;0;31,388.19;2,82,493.71
05-Sep-20;cheque;853;0;2,83,346.71
05-Sep-20;imps;0;56,669.34;2,26,677.37
05-Sep-20;reversal;1,45,939.66;0;3,72,617.03
05-Sep-20;bill;0;46,577.13;3,26,039.90
05-Sep-20;purchase;3,043.00;0;3,29,082.90
05-Sep-20;commission;20,403.00;0;3,49,485.90
05-Sep-20;transfer;0;69,897.18;2,79,588.72
05-Sep-20;atm;915;0;2,80,503.72
05-Sep-20;reversal;0;2,80,503.72;0
05-Sep-20;neft;54.98;0;54.98
05-Sep-20;reversal;0;11;43.98
05-Sep-20;interest;191;0;234.98
05-Sep-20;rtgs;0;26.11;208.87
05-Sep-20;interest;0;29.84;179.03
05-Sep-20;reversal;1,85,222.25;0;1,85,401.28
05-Sep-20;commission;0;30,900.21;1,54,501.07
06-Sep-20;miscellaneous;0;15,450.11;1,39,050.96
07-Sep-20;cheque;2,01,799.00;0;3,40,849.96
07-Sep-20;transfer;0;1,70,424.98;1,70,424.98
07-Sep-20;reversal;11.6;0;1,70,436.58
07-Sep-20;atm;1,04,339.00;0;2,74,775.58
07-Sep-20;bill;0;45,795.93;2,28,979.65
08-Sep-20;tax;410.25;0;2,29,389.90
08-Sep-20;purchase;32,018.00;0;2,61,407.90
08-Sep-20;purchase;97.49;0;2,61,505.39
08-Sep-20;purchase;1,891.00;0;2,63,396.39
08-Sep-20;neft;34.36;0;2,63,430.75
08-Sep-20;cheque;1,86,691.12;0;4,50,121.87
08-Sep-20;purchase;3;0;4,50,124.87
08-Sep-20;bill;0;45,012.49;4,05,112.38
08-Sep-20;atm;133.9;0;4,05,246.28
08-Sep-20;cheque;300.84;0;4,05,547.12
08-Sep-20;debit card;4,017.70;0;4,09,564.82
08-Sep-20;bill;0;81,912.96;3,27,651.86
08-Sep-20;transfer;0;3,27,651.86;0
08-Sep-20;interest;24,809.23;0;24,809.23
09-Sep-20;tax;0;3,544.18;21,265.05
09-Sep-20;bill;0;21,265.05;0
09-Sep-20;imps;182;0;182
09-Sep-20;rtgs;27,123.40;0;27,305.40
09-Sep-20;purchase;3.8;0;27,309.20
09-Sep-20;tax;0;6,827.30;20,481.90
09-Sep-20;interest;0;20,481.90;0
10-Sep-20;rtgs;184.1;0;184.1
10-Sep-20;reversal;0;23.01;161.09
10-Sep-20;imps;0;40.27;120.82
10-Sep-20;atm;4,63,902.25;0;4,64,023.07
10-Sep-20;miscellaneous;0;1,16,005.77;3,48,017.30
10-Sep-20;interest;13.73;0;3,48,031.03
10-Sep-20;atm;5,83,057.50;0;9,31,088.53
10-Sep-20;cash;85,824.16;0;10,16,912.69
10-Sep-20;cheque;0;1,12,990.30;9,03,922.39
10-Sep-20;reversal;0;3,01,307.46;6,02,614.93
10-Sep-20;debit card;7,673.00;0;6,10,287.93
10-Sep-20;cash;5,11,620.00;0;11,21,907.93
10-Sep-20;miscellaneous;0;5,60,953.97;5,60,953.96
10-Sep-20;cheque;4.18;0;5,60,958.14
10-Sep-20;cheque;8,36,263.50;0;13,97,221.64
10-Sep-20;cheque;0;1,39,722.16;12,57,499.48
10-Sep-20;bill;5.3;0;12,57,504.78
10-Sep-20;purchase;391.6;0;12,57,896.38
10-Sep-20;imps;0;1,79,699.48;10,78,196.90
10-Sep-20;purchase;0;10,78,196.90;0
10-Sep-20;atm;131.1;0;131.1
10-Sep-20;reversal;0;14.57;116.53
10-Sep-20;neft;0;38.84;77.69
10-Sep-20;miscellaneous;5,999.00;0;6,076.69
10-Sep-20;bill;22,640.61;0;28,717.30
10-Sep-20;cheque;11,38,106.80;0;11,66,824.10
10-Sep-20;bill;49.61;0;11,66,873.71
10-Sep-20;bill;0;1,94,478.95;9,72,394.76
10-Sep-20;interest;51,062.20;0;10,23,456.96
10-Sep-20;cheque;3,724.30;0;10,27,181.26
10-Sep-20;cheque;0;2,05,436.25;8,21,745.01
10-Sep-20;tax;16,209.80;0;8,37,954.81
10-Sep-20;rtgs;0;83,795.48;7,54,159.33
10-Sep-20;interest;0;83,795.48;6,70,363.85
10-Sep-20;reversal;18,13,198.50;0;24,83,562.35
10-Sep-20;interest;0;2,75,951.37;22,07,610.98
10-Sep-20;interest;39;0;22,07,649.98
11-Sep-20;tax;2,606.00;0;22,10,255.98
11-Sep-20;cheque;0;22,10,255.98;0
11-Sep-20;cheque;1,73,299.16;0;1,73,299.16
11-Sep-20;atm;0;21,662.40;1,51,636.77
11-Sep-20;atm;6,21,766.75;0;7,73,403.52
11-Sep-20;neft;0;1,28,900.59;6,44,502.93
11-Sep-20;cash;0;1,61,125.73;4,83,377.20
11-Sep-20;interest;0;1,20,844.30;3,62,532.90
11-Sep-20;commission;0;1,20,844.30;2,41,688.60
11-Sep-20;transfer;5,67,295.50;0;8,08,984.10
12-Sep-20;neft;5.6;0;8,08,989.70
12-Sep-20;reversal;0;1,34,831.62;6,74,158.08
12-Sep-20;cash;42.9;0;6,74,200.98
12-Sep-20;neft;2,904.49;0;6,77,105.47
12-Sep-20;cash;0;84,638.18;5,92,467.29
12-Sep-20;cash;1,96,578.50;0;7,89,045.79
12-Sep-20;cheque;1.2;0;7,89,046.99
12-Sep-20;transfer;39.2;0;7,89,086.19
12-Sep-20;rtgs;0;87,676.24;7,01,409.95
12-Sep-20;commission;0;2,33,803.32;4,67,606.63
12-Sep-20;rtgs;0;0;4,67,606.63
12-Sep-20;purchase;0;93,521.33;3,74,085.30
12-Sep-20;purchase;0;41,565.03;3,32,520.27
12-Sep-20;interest;19,537.20;0;3,52,057.47
13-Sep-20;neft;379;0;3,52,436.47
13-Sep-20;neft;405.1;0;3,52,841.57
13-Sep-20;cash;0;50,405.94;3,02,435.63
13-Sep-20;bill;0;30,243.56;2,72,192.07
13-Sep-20;interest;0;34,024.01;2,38,168.06
13-Sep-20;miscellaneous;0;2,38,168.06;0
13-Sep-20;debit card;6.39;0;6.39
13-Sep-20;transfer;0;6.39;0
13-Sep-20;imps;812;0;812
13-Sep-20;cash;3,218.00;0;4,030.00
13-Sep-20;interest;0;447.78;3,582.22
13-Sep-20;atm;0;447.78;3,134.44
13-Sep-20;miscellaneous;0;626.89;2,507.55
13-Sep-20;interest;58,080.00;0;60,587.55
13-Sep-20;purchase;0;60,587.55;0
13-Sep-20;tax;2,318.48;0;2,318.48
13-Sep-20;purchase;0;2,318.48;0
13-Sep-20;debit card;423.33;0;423.33
13-Sep-20;bill;15,571.00;0;15,994.33
13-Sep-20;bill;0;5,331.44;10,662.89
13-Sep-20;commission;0;1,184.77;9,478.12
14-Sep-20;neft;0;1,184.77;8,293.36
14-Sep-20;rtgs;2,01,882.25;0;2,10,175.61
14-Sep-20;cash;419.25;0;2,10,594.86
14-Sep-20;rtgs;0;26,324.36;1,84,270.50
14-Sep-20;bill;1,03,581.70;0;2,87,852.20
14-Sep-20;cash;16,07,421.25;0;18,95,273.45
14-Sep-20;atm;0;4,73,818.36;14,21,455.09
14-Sep-20;tax;0;1,42,145.51;12,79,309.58
14-Sep-20;atm;6.33;0;12,79,315.91
14-Sep-20;miscellaneous;3,948.00;0;12,83,263.91
14-Sep-20;neft;111.09;0;12,83,375.00
14-Sep-20;commission;0;1,60,421.88;11,22,953.12
14-Sep-20;transfer;7,244.00;0;11,30,197.12
14-Sep-20;bill;8,014.55;0;11,38,211.67
14-Sep-20;bill;61;0;11,38,272.67
14-Sep-20;interest;0;2,84,568.17;8,53,704.50
14-Sep-20;rtgs;0;1,21,957.79;7,31,746.71
14-Sep-20;debit card;0;91,468.34;6,40,278.37
14-Sep-20;rtgs;0;1,28,055.67;5,12,222.70
14-Sep-20;purchase;1,865.00;0;5,14,087.70
14-Sep-20;miscellaneous;9,342.40;0;5,23,430.10
14-Sep-20;cheque;2,749.40;0;5,26,179.50
14-Sep-20;tax;0;1,05,235.90;4,20,943.60
14-Sep-20;interest;0;1,05,235.90;3,15,707.70
14-Sep-20;neft;0;31,570.77;2,84,136.93
14-Sep-20;rtgs;419.9;0;2,84,556.83
14-Sep-20;cash;7,78,190.00;0;10,62,746.83
14-Sep-20;transfer;51.1;0;10,62,797.93
14-Sep-20;atm;7;0;10,62,804.93
14-Sep-20;miscellaneous;1,906.00;0;10,64,710.93
14-Sep-20;purchase;0;2,66,177.73;7,98,533.20
14-Sep-20;bill;3,702.00;0;8,02,235.20
14-Sep-20;transfer;0;1,33,705.87;6,68,529.33
14-Sep-20;bill;3,408.60;0;6,71,937.93
14-Sep-20;miscellaneous;0;2,23,979.31;4,47,958.62
14-Sep-20;interest;232.55;0;4,48,191.17
14-Sep-20;commission;0;1,49,397.06;2,98,794.11
14-Sep-20;cash;5.34;0;2,98,799.45
14-Sep-20;rtgs;4.05;0;2,98,803.50
14-Sep-20;imps;0;2,98,803.50;0
14-Sep-20;neft;13,05,216.50;0;13,05,216.50
14-Sep-20;purchase;2,727.30;0;13,07,943.80
14-Sep-20;transfer;0;3,26,985.95;9,80,957.85
14-Sep-20;cash;370;0;9,81,327.85
14-Sep-20;cheque;3.7;0;9,81,331.55
14-Sep-20;debit card;316.93;0;9,81,648.48
14-Sep-20;debit card;18,26,917.00;0;28,08,565.48
14-Sep-20;rtgs;1.4;0;28,08,566.88
14-Sep-20;debit card;0;5,61,713.38;22,46,853.50
14-Sep-20;purchase;0;4,49,370.70;17,97,482.80
14-Sep-20;commission;0;2,99,580.47;14,97,902.33
14-Sep-20;cheque;0;2,49,650.39;12,48,251.94
14-Sep-20;rtgs;0;4,16,083.98;8,32,167.96
14-Sep-20;miscellaneous;2,22,220.16;0;10,54,388.12
14-Sep-20;rtgs;2,02,931.40;0;12,57,319.52
14-Sep-20;purchase;0;1,57,164.94;11,00,154.58
14-Sep-20;bill;0;1,83,359.10;9,16,795.48
14-Sep-20;miscellaneous;38.07;0;9,16,833.55
14-Sep-20;commission;1,47,797.00;0;10,64,630.55
14-Sep-20;transfer;0;5,32,315.28;5,32,315.28
14-Sep-20;miscellaneous;0;53,231.53;4,79,083.75
14-Sep-20;reversal;6,320.11;0;4,85,403.86
14-Sep-20;cash;6.06;0;4,85,409.92
14-Sep-20;cash;0;60,676.24;4,24,733.68
14-Sep-20;atm;3,916.00;0;4,28,649.68
14-Sep-20;rtgs;23,383.16;0;4,52,032.84
15-Sep-20;commission;0;64,576.12;3,87,456.72
15-Sep-20;tax;0;38,745.67;3,48,711.05
15-Sep-20;imps;0;3,48,711.05;0
15-Sep-20;neft;1,257.00;0;1,257.00
15-Sep-20;cash;0;179.57;1,077.43
15-Sep-20;imps;0;1,077.43;0
15-Sep-20;bill;342.93;0;342.93
15-Sep-20;debit card;0;42.87;300.06
15-Sep-20;interest;0;100.02;200.04
15-Sep-20;miscellaneous;5.37;0;205.41
15-Sep-20;debit card;132.9;0;338.31
15-Sep-20;tax;22,987.00;0;23,325.31
15-Sep-20;cheque;0;5,831.33;17,493.98
15-Sep-20;bill;0;8,746.99;8,746.99
15-Sep-20;tax;0;8,746.99;0
15-Sep-20;cheque;5.55;0;5.55
15-Sep-20;reversal;0;5.55;0
15-Sep-20;tax;126.5;0;126.5
15-Sep-20;commission;0;21.08;105.42
15-Sep-20;transfer;0;52.71;52.71
15-Sep-20;neft;0;13.18;39.53
15-Sep-20;miscellaneous;4.22;0;43.75
15-Sep-20;purchase;0;5.47;38.28
15-Sep-20;interest;0;38.28;0
15-Sep-20;bill;457.84;0;457.84
15-Sep-20;atm;451.4;0;909.24
15-Sep-20;cheque;0;454.62;454.62
15-Sep-20;atm;20,622.50;0;21,077.12
15-Sep-20;transfer;0.9;0;21,078.02
15-Sep-20;cheque;1,025.70;0;22,103.72
15-Sep-20;interest;0;3,683.95;18,419.77
15-Sep-20;commission;0;3,683.95;14,735.82
15-Sep-20;interest;0;1,473.58;13,262.24
15-Sep-20;cheque;0;13,262.24;0
15-Sep-20;cheque;9,94,038.00;0;9,94,038.00
15-Sep-20;interest;0;1,98,807.60;7,95,230.40
16-Sep-20;interest;0;1,98,807.60;5,96,422.80
16-Sep-20;imps;0;74,552.85;5,21,869.95
17-Sep-20;reversal;0;74,552.85;4,47,317.10
17-Sep-20;imps;0;49,701.90;3,97,615.20
17-Sep-20;neft;0;49,701.90;3,47,913.30
17-Sep-20;transfer;0;86,978.33;2,60,934.97
17-Sep-20;transfer;0;65,233.74;1,95,701.23
17-Sep-20;transfer;0;1,95,701.23;0
17-Sep-20;cheque;136.01;0;136.01
17-Sep-20;transfer;0;13.6;122.41
17-Sep-20;commission;193.66;0;316.07
17-Sep-20;rtgs;13;0;329.07
17-Sep-20;imps;6;0;335.07
17-Sep-20;cheque;0;37.23;297.84
17-Sep-20;purchase;0;37.23;260.61
17-Sep-20;transfer;2;0;262.61
17-Sep-20;commission;0;262.61;0
17-Sep-20;tax;9,828.98;0;9,828.98
17-Sep-20;commission;6,00,156.50;0;6,09,985.48
17-Sep-20;bill;0;6,09,985.48;0
17-Sep-20;rtgs;29,450.75;0;29,450.75
17-Sep-20;cash;0;3,681.34;25,769.41
17-Sep-20;imps;0;2,863.27;22,906.14
17-Sep-20;interest;0;11,453.07;11,453.07
17-Sep-20;cheque;0;5,726.54;5,726.54
17-Sep-20;imps;284.4;0;6,010.94
17-Sep-20;neft;0;2,003.65;4,007.29
17-Sep-20;rtgs;19,14,618.25;0;19,18,625.54
17-Sep-20;rtgs;2,21,929.50;0;21,40,555.04
17-Sep-20;tax;0;4,28,111.01;17,12,444.03
17-Sep-20;bill;125.1;0;17,12,569.13
17-Sep-20;purchase;0;1,90,285.46;15,22,283.67
17-Sep-20;neft;12,40,887.00;0;27,63,170.67
17-Sep-20;cheque;51.8;0;27,63,222.47
17-Sep-20;commission;0;5,52,644.49;22,10,577.98
17-Sep-20;transfer;16,14,432.25;0;38,25,010.23
17-Sep-20;atm;0;7,65,002.05;30,60,008.18
17-Sep-20;purchase;0;5,10,001.36;25,50,006.82
17-Sep-20;rtgs;0;4,25,001.14;21,25,005.68
17-Sep-20;miscellaneous;18,15,043.25;0;39,40,048.93
17-Sep-20;miscellaneous;64,893.60;0;40,04,942.53
17-Sep-20;imps;8,09,104.80;0;48,14,047.33
17-Sep-20;cash;2,979.00;0;48,17,026.33
17-Sep-20;rtgs;371.52;0;48,17,397.85
17-Sep-20;transfer;1,26,231.00;0;49,43,628.85
17-Sep-20;transfer;0;16,47,876.28;32,95,752.57
17-Sep-20;purchase;385.81;0;32,96,138.38
17-Sep-20;commission;0;32,96,138.38;0
17-Sep-20;miscellaneous;29.24;0;29.24
17-Sep-20;bill;55;0;84.24
17-Sep-20;debit card;7.2;0;91.44
17-Sep-20;neft;11;0;102.44
17-Sep-20;neft;31,724.70;0;31,827.14
17-Sep-20;cash;0;6,365.43;25,461.71
17-Sep-20;bill;0;12,730.86;12,730.86
17-Sep-20;debit card;208.7;0;12,939.56
17-Sep-20;cash;49;0;12,988.56
17-Sep-20;miscellaneous;1,11,773.00;0;1,24,761.56
17-Sep-20;purchase;23,196.16;0;1,47,957.72
17-Sep-20;cheque;2,993.79;0;1,50,951.51
17-Sep-20;interest;0;1,50,951.51;0
17-Sep-20;debit card;28,309.00;0;28,309.00
17-Sep-20;interest;0;14,154.50;14,154.50
17-Sep-20;cash;663;0;14,817.50
17-Sep-20;tax;0;1,481.75;13,335.75
17-Sep-20;cash;0;13,335.75;0
17-Sep-20;atm;1,59,100.06;0;1,59,100.06
17-Sep-20;reversal;0;39,775.02;1,19,325.04
17-Sep-20;rtgs;61;0;1,19,386.04
17-Sep-20;debit card;0;1,19,386.04;0
17-Sep-20;debit card;263.1;0;263.1
17-Sep-20;cheque;3,430.80;0;3,693.90
17-Sep-20;imps;0;3,693.90;0
17-Sep-20;imps;3,18,121.00;0;3,18,121.00
17-Sep-20;cheque;61.2;0;3,18,182.20
17-Sep-20;reversal;0;3,18,182.20;0
17-Sep-20;bill;446;0;446
18-Sep-20;neft;0;44.6;401.4
18-Sep-20;rtgs;0;133.8;267.6
18-Sep-20;transfer;0;133.8;133.8
18-Sep-20;neft;0;26.76;107.04
18-Sep-20;rtgs;3,908.70;0;4,015.74
18-Sep-20;imps;0;1,003.94;3,011.80
18-Sep-20;purchase;0;1,003.93;2,007.87
18-Sep-20;tax;6,936.09;0;8,943.96
18-Sep-20;commission;0;993.77;7,950.19
18-Sep-20;rtgs;276.84;0;8,227.03
18-Sep-20;neft;0;2,742.34;5,484.69
18-Sep-20;bill;1,46,966.10;0;1,52,450.79
18-Sep-20;bill;140.7;0;1,52,591.49
18-Sep-20;imps;5;0;1,52,596.49
18-Sep-20;rtgs;0;21,799.50;1,30,796.99
18-Sep-20;imps;0;32,699.25;98,097.74
18-Sep-20;imps;69;0;98,166.74
18-Sep-20;atm;18,90,558.00;0;19,88,724.74
18-Sep-20;debit card;8,482.20;0;19,97,206.94
18-Sep-20;tax;0;6,65,735.65;13,31,471.29
18-Sep-20;miscellaneous;0;6,65,735.65;6,65,735.64
18-Sep-20;commission;0;6,65,735.64;0
18-Sep-20;interest;3,58,288.00;0;3,58,288.00
18-Sep-20;tax;5;0;3,58,293.00
18-Sep-20;purchase;0;59,715.50;2,98,577.50
18-Sep-20;miscellaneous;26.2;0;2,98,603.70
18-Sep-20;neft;47.13;0;2,98,650.83
18-Sep-20;debit card;0;49,775.14;2,48,875.69
18-Sep-20;reversal;531;0;2,49,406.69
18-Sep-20;tax;15,23,086.00;0;17,72,492.69
18-Sep-20;cash;27,525.80;0;18,00,018.49
18-Sep-20;reversal;0;2,25,002.31;15,75,016.18
19-Sep-20;purchase;0;1,57,501.62;14,17,514.56
19-Sep-20;atm;0;1,41,751.46;12,75,763.10
19-Sep-20;rtgs;1,16,363.20;0;13,92,126.30
19-Sep-20;interest;46;0;13,92,172.30
19-Sep-20;miscellaneous;1,374.76;0;13,93,547.06
19-Sep-20;cheque;0;2,78,709.41;11,14,837.65
19-Sep-20;cheque;23,227.50;0;11,38,065.15
19-Sep-20;cash;1,55,419.75;0;12,93,484.90
19-Sep-20;rtgs;0;1,84,783.56;11,08,701.34
19-Sep-20;commission;18,64,383.50;0;29,73,084.84
20-Sep-20;interest;1,609.00;0;29,74,693.84
20-Sep-20;bill;2.7;0;29,74,696.54
20-Sep-20;debit card;496.5;0;29,75,193.04
20-Sep-20;cash;478;0;29,75,671.04
20-Sep-20;imps;35.4;0;29,75,706.44
20-Sep-20;transfer;8,53,460.00;0;38,29,166.44
20-Sep-20;miscellaneous;0;3,82,916.64;34,46,249.80
20-Sep-20;commission;9,441.34;0;34,55,691.14
20-Sep-20;purchase;27,688.60;0;34,83,379.74
20-Sep-20;debit card;1.6;0;34,83,381.34
20-Sep-20;purchase;4,067.30;0;34,87,448.64
21-Sep-20;cash;0;8,71,862.16;26,15,586.48
21-Sep-20;atm;3,960.60;0;26,19,547.08
21-Sep-20;tax;1,49,289.25;0;27,68,836.33
21-Sep-20;tax;376;0;27,69,212.33
21-Sep-20;rtgs;0;3,07,690.26;24,61,522.07
21-Sep-20;neft;0;6,15,380.52;18,46,141.55
21-Sep-20;miscellaneous;0;4,61,535.39;13,84,606.16
21-Sep-20;purchase;1,91,195.09;0;15,75,801.25
21-Sep-20;reversal;10;0;15,75,811.25
22-Sep-20;reversal;475.13;0;15,76,286.38
22-Sep-20;bill;0;1,97,035.80;13,79,250.58
22-Sep-20;bill;53.7;0;13,79,304.28
22-Sep-20;cash;0;1,97,043.47;11,82,260.81
22-Sep-20;reversal;0;1,97,043.47;9,85,217.34
22-Sep-20;reversal;73,899.00;0;10,59,116.34
22-Sep-20;commission;24,678.50;0;10,83,794.84
22-Sep-20;debit card;0;1,20,421.65;9,63,373.19
22-Sep-20;interest;0;2,40,843.30;7,22,529.89
22-Sep-20;imps;441.2;0;7,22,971.09
22-Sep-20;debit card;3.9;0;7,22,974.99
22-Sep-20;neft;19,33,335.50;0;26,56,310.49
23-Sep-20;cash;37.64;0;26,56,348.13
23-Sep-20;cheque;2,22,988.10;0;28,79,336.23
23-Sep-20;atm;0;3,19,926.25;25,59,409.98
23-Sep-20;rtgs;109.88;0;25,59,519.86
23-Sep-20;rtgs;0;25,59,519.86;0
23-Sep-20;rtgs;2,538.70;0;2,538.70
23-Sep-20;interest;0;1,269.35;1,269.35
23-Sep-20;neft;0;1,269.35;0
23-Sep-20;atm;42.9;0;42.9
23-Sep-20;interest;0;7.15;35.75
23-Sep-20;reversal;107.4;0;143.15
23-Sep-20;bill;1,992.45;0;2,135.60
23-Sep-20;debit card;58;0;2,193.60
23-Sep-20;debit card;0;243.73;1,949.87
23-Sep-20;cheque;0;389.97;1,559.90
23-Sep-20;bill;0;173.32;1,386.58
23-Sep-20;commission;1,288.00;0;2,674.58
23-Sep-20;tax;1.92;0;2,676.50
23-Sep-20;atm;0;2,676.50;0
23-Sep-20;purchase;62;0;62
23-Sep-20;reversal;76,454.25;0;76,516.25
23-Sep-20;purchase;377.8;0;76,894.05
24-Sep-20;neft;14,252.06;0;91,146.11
24-Sep-20;commission;0;45,573.06;45,573.06
24-Sep-20;cheque;0;15,191.02;30,382.04
24-Sep-20;bill;0;15,191.02;15,191.02
24-Sep-20;commission;0;1,519.10;13,671.92
24-Sep-20;neft;2.3;0;13,674.22
24-Sep-20;debit card;0;1,519.36;12,154.86
24-Sep-20;cheque;25,178.00;0;37,332.86
24-Sep-20;purchase;0;12,444.29;24,888.57
24-Sep-20;tax;0;6,222.14;18,666.43
24-Sep-20;transfer;300;0;18,966.43
24-Sep-20;tax;3,452.10;0;22,418.53
24-Sep-20;bill;25,587.95;0;48,006.48
24-Sep-20;imps;8,961.66;0;56,968.14
24-Sep-20;tax;0;5,696.81;51,271.33
24-Sep-20;purchase;5;0;51,276.33
24-Sep-20;cash;1,441.00;0;52,717.33
24-Sep-20;imps;59.4;0;52,776.73
24-Sep-20;transfer;31;0;52,807.73
24-Sep-20;neft;0;26,403.87;26,403.86
24-Sep-20;interest;5;0;26,408.86
24-Sep-20;imps;0;26,408.86;0
24-Sep-20;neft;8,845.40;0;8,845.40
24-Sep-20;reversal;287;0;9,132.40
24-Sep-20;bill;0;1,826.48;7,305.92
24-Sep-20;miscellaneous;0;1,217.65;6,088.27
24-Sep-20;bill;1,29,407.40;0;1,35,495.67
24-Sep-20;miscellaneous;0;1,35,495.67;0
24-Sep-20;bill;5.61;0;5.61
24-Sep-20;neft;0;0.56;5.05
24-Sep-20;imps;0;0.51;4.54
24-Sep-20;imps;0;0.91;3.63
24-Sep-20;atm;4;0;7.63
24-Sep-20;atm;38,838.20;0;38,845.83
24-Sep-20;tax;0;9,711.46;29,134.37
24-Sep-20;bill;0;3,237.15;25,897.22
24-Sep-20;interest;44.58;0;25,941.80
24-Sep-20;atm;38.89;0;25,980.69
24-Sep-20;atm;0;8,660.23;17,320.46
24-Sep-20;rtgs;1,31,430.00;0;1,48,750.46
25-Sep-20;cash;2,619.10;0;1,51,369.56
25-Sep-20;interest;3;0;1,51,372.56
25-Sep-20;atm;0;75,686.28;75,686.28
25-Sep-20;imps;34;0;75,720.28
25-Sep-20;debit card;0;18,930.07;56,790.21
25-Sep-20;tax;7;0;56,797.21
25-Sep-20;purchase;0;56,797.21;0
25-Sep-20;reversal;73.8;0;73.8
26-Sep-20;commission;12,850.60;0;12,924.40
26-Sep-20;interest;22,297.46;0;35,221.86
26-Sep-20;tax;0;35,221.86;0
26-Sep-20;rtgs;5;0;5
26-Sep-20;reversal;28,731.40;0;28,736.40
26-Sep-20;neft;0;3,192.93;25,543.47
26-Sep-20;cash;31,751.80;0;57,295.27
26-Sep-20;bill;0;57,295.27;0
26-Sep-20;cheque;9,02,573.80;0;9,02,573.80
26-Sep-20;cash;0;1,12,821.73;7,89,752.08
26-Sep-20;rtgs;4.8;0;7,89,756.88
26-Sep-20;bill;3;0;7,89,759.88
26-Sep-20;cash;0;1,57,951.98;6,31,807.90
26-Sep-20;reversal;0;70,200.88;5,61,607.02
26-Sep-20;reversal;20.15;0;5,61,627.17
26-Sep-20;reversal;4.54;0;5,61,631.71
26-Sep-20;atm;14,74,867.75;0;20,36,499.46
26-Sep-20;imps;12,068.15;0;20,48,567.61
27-Sep-20;purchase;0;3,41,427.94;17,07,139.68
27-Sep-20;bill;388.64;0;17,07,528.32
27-Sep-20;imps;15,14,982.75;0;32,22,511.07
27-Sep-20;interest;0;5,37,085.18;26,85,425.89
27-Sep-20;purchase;8,97,084.25;0;35,82,510.14
27-Sep-20;atm;32;0;35,82,542.14
27-Sep-20;purchase;1,07,495.22;0;36,90,037.36
27-Sep-20;neft;0;5,27,148.19;31,62,889.17
27-Sep-20;reversal;0;3,16,288.92;28,46,600.25
27-Sep-20;tax;71,165.00;0;29,17,765.25
27-Sep-20;rtgs;3.9;0;29,17,769.15
27-Sep-20;neft;0;3,64,721.14;25,53,048.01
27-Sep-20;miscellaneous;0;2,55,304.80;22,97,743.21
27-Sep-20;neft;84,276.00;0;23,82,019.21
27-Sep-20;bill;512;0;23,82,531.21
27-Sep-20;neft;28;0;23,82,559.21
27-Sep-20;reversal;0;23,82,559.21;0
27-Sep-20;transfer;14,77,663.00;0;14,77,663.00
27-Sep-20;cheque;0;1,64,184.78;13,13,478.22
27-Sep-20;cheque;0;2,18,913.04;10,94,565.18
27-Sep-20;debit card;0;1,36,820.65;9,57,744.53
27-Sep-20;cheque;20,370.66;0;9,78,115.19
27-Sep-20;cheque;0;4,89,057.60;4,89,057.60
27-Sep-20;tax;12,487.18;0;5,01,544.78
27-Sep-20;cheque;0;1,25,386.20;3,76,158.58
27-Sep-20;imps;0;1,88,079.29;1,88,079.29
27-Sep-20;rtgs;0;1,88,079.29;0
27-Sep-20;debit card;12,213.10;0;12,213.10
27-Sep-20;imps;504.3;0;12,717.40
27-Sep-20;reversal;0;1,271.74;11,445.66
27-Sep-20;transfer;0;1,271.74;10,173.92
27-Sep-20;miscellaneous;0;1,695.65;8,478.27
27-Sep-20;imps;21,185.30;0;29,663.57
27-Sep-20;cash;0;3,707.95;25,955.62
27-Sep-20;neft;0;3,244.45;22,711.17
27-Sep-20;bill;25,388.45;0;48,099.62
27-Sep-20;miscellaneous;8,538.50;0;56,638.12
27-Sep-20;cheque;416.94;0;57,055.06
27-Sep-20;tax;0;14,263.77;42,791.30
27-Sep-20;miscellaneous;57.5;0;42,848.80
27-Sep-20;tax;29,055.90;0;71,904.70
27-Sep-20;rtgs;0;23,968.23;47,936.47
27-Sep-20;cash;2,09,641.00;0;2,57,577.47
27-Sep-20;reversal;20,317.79;0;2,77,895.26
28-Sep-20;bill;0;46,315.88;2,31,579.38
28-Sep-20;rtgs;16,760.19;0;2,48,339.57
28-Sep-20;bill;0;24,833.96;2,23,505.61
28-Sep-20;tax;2,10,337.69;0;4,33,843.30
28-Sep-20;rtgs;1,493.00;0;4,35,336.30
28-Sep-20;interest;0;1,45,112.10;2,90,224.20
28-Sep-20;transfer;0;1,45,112.10;1,45,112.10
28-Sep-20;tax;7.14;0;1,45,119.24
28-Sep-20;cash;0;36,279.81;1,08,839.43
28-Sep-20;transfer;13,646.00;0;1,22,485.43
28-Sep-20;rtgs;1,09,819.70;0;2,32,305.13
28-Sep-20;cash;0;2,32,305.13;0
28-Sep-20;neft;19,387.10;0;19,387.10
28-Sep-20;reversal;60;0;19,447.10
28-Sep-20;rtgs;0;6,482.37;12,964.73
28-Sep-20;commission;19.97;0;12,984.70
28-Sep-20;cash;0;1,854.96;11,129.74
28-Sep-20;transfer;1.6;0;11,131.34
28-Sep-20;cash;0;1,391.42;9,739.92
28-Sep-20;interest;0;1,623.32;8,116.60
28-Sep-20;reversal;86,461.00;0;94,577.60
28-Sep-20;interest;35;0;94,612.60
28-Sep-20;imps;5;0;94,617.60
28-Sep-20;purchase;490;0;95,107.60
28-Sep-20;debit card;0;10,567.51;84,540.09
28-Sep-20;commission;2,02,301.80;0;2,86,841.89
28-Sep-20;purchase;0;2,86,841.89;0
28-Sep-20;rtgs;19,819.24;0;19,819.24
28-Sep-20;cash;12,38,927.00;0;12,58,746.24
28-Sep-20;rtgs;0;1,79,820.89;10,78,925.35
28-Sep-20;tax;354.68;0;10,79,280.03
28-Sep-20;neft;2.3;0;10,79,282.33
28-Sep-20;neft;33;0;10,79,315.33
28-Sep-20;atm;20;0;10,79,335.33
28-Sep-20;rtgs;0;1,07,933.53;9,71,401.80
28-Sep-20;bill;14,08,102.00;0;23,79,503.80
28-Sep-20;debit card;0;3,39,929.11;20,39,574.69
28-Sep-20;imps;8;0;20,39,582.69
28-Sep-20;rtgs;23,293.00;0;20,62,875.69
28-Sep-20;tax;0;2,06,287.57;18,56,588.12
29-Sep-20;commission;0;3,09,431.35;15,47,156.77
29-Sep-20;neft;0;5,15,718.92;10,31,437.85
29-Sep-20;transfer;58.9;0;10,31,496.75
29-Sep-20;rtgs;0;2,06,299.35;8,25,197.40
29-Sep-20;interest;0;82,519.74;7,42,677.66
29-Sep-20;transfer;5;0;7,42,682.66
29-Sep-20;debit card;53.09;0;7,42,735.75
29-Sep-20;bill;0;1,48,547.15;5,94,188.60
29-Sep-20;reversal;0;2,97,094.30;2,97,094.30
29-Sep-20;cheque;49,162.00;0;3,46,256.30
29-Sep-20;transfer;1,02,012.00;0;4,48,268.30
29-Sep-20;bill;0;4,48,268.30;0
29-Sep-20;reversal;3;0;3
30-Sep-20;imps;3,598.00;0;3,601.00
30-Sep-20;imps;0;3,601.00;0
01-Oct-20;imps;2.44;0;2.44
01-Oct-20;miscellaneous;0;0.35;2.09
01-Oct-20;atm;0;1.05;1.04
02-Oct-20;reversal;0;0.17;0.87
02-Oct-20;interest;10,38,375.50;0;10,38,376.37
02-Oct-20;commission;0;1,15,375.15;9,23,001.22
02-Oct-20;rtgs;0;3,07,667.07;6,15,334.15
02-Oct-20;transfer;2,03,637.00;0;8,18,971.15
02-Oct-20;atm;0;1,63,794.23;6,55,176.92
02-Oct-20;tax;327.8;0;6,55,504.72
02-Oct-20;imps;0;3,27,752.36;3,27,752.36
02-Oct-20;cheque;23,844.12;0;3,51,596.48
02-Oct-20;transfer;211.23;0;3,51,807.71
02-Oct-20;tax;41.42;0;3,51,849.13
02-Oct-20;bill;0;50,264.16;3,01,584.97
02-Oct-20;atm;74;0;3,01,658.97
02-Oct-20;reversal;0;3,01,658.97;0
02-Oct-20;debit card;48.8;0;48.8
02-Oct-20;rtgs;0;6.1;42.7
02-Oct-20;imps;0;8.54;34.16
02-Oct-20;bill;0;6.83;27.33
02-Oct-20;atm;0;9.11;18.22
02-Oct-20;purchase;30,185.50;0;30,203.72
02-Oct-20;neft;0;6,040.74;24,162.98
02-Oct-20;imps;0;4,832.60;19,330.38
02-Oct-20;cash;0;9,665.19;9,665.19
02-Oct-20;commission;0;1,380.74;8,284.45
02-Oct-20;interest;1,43,794.00;0;1,52,078.45
02-Oct-20;debit card;2,947.20;0;1,55,025.65
02-Oct-20;debit card;0;25,837.61;1,29,188.04
02-Oct-20;transfer;4;0;1,29,192.04
02-Oct-20;transfer;2,815.14;0;1,32,007.18
02-Oct-20;tax;0.7;0;1,32,007.88
02-Oct-20;transfer;0;1,32,007.88;0
02-Oct-20;miscellaneous;5;0;5
02-Oct-20;rtgs;76,403.22;0;76,408.22
02-Oct-20;cash;0;19,102.06;57,306.16
02-Oct-20;bill;1,655.00;0;58,961.16
02-Oct-20;debit card;0;5,896.12;53,065.04
02-Oct-20;debit card;12,18,957.00;0;12,72,022.04
02-Oct-20;imps;0;1,27,202.20;11,44,819.84
02-Oct-20;bill;13,90,978.20;0;25,35,798.04
02-Oct-20;rtgs;0;2,81,755.34;22,54,042.70
03-Oct-20;cheque;27,524.00;0;22,81,566.70
03-Oct-20;cash;0;2,85,195.84;19,96,370.86
04-Oct-20;commission;0;9,98,185.43;9,98,185.43
04-Oct-20;imps;0;99,818.54;8,98,366.89
04-Oct-20;miscellaneous;7,837.00;0;9,06,203.89
04-Oct-20;transfer;0;4,53,101.95;4,53,101.94
04-Oct-20;atm;363.18;0;4,53,465.12
04-Oct-20;cash;0;50,385.01;4,03,080.11
04-Oct-20;imps;14,43,622.00;0;18,46,702.11
04-Oct-20;rtgs;3,347.60;0;18,50,049.71
04-Oct-20;rtgs;0;6,16,683.24;12,33,366.47
04-Oct-20;debit card;1,50,470.62;0;13,83,837.09
04-Oct-20;tax;63;0;13,83,900.09
04-Oct-20;bill;203.33;0;13,84,103.42
04-Oct-20;reversal;0;3,46,025.86;10,38,077.56
04-Oct-20;transfer;1,101.00;0;10,39,178.56
04-Oct-20;neft;0;1,03,917.86;9,35,260.70
04-Oct-20;atm;0;1,87,052.14;7,48,208.56
04-Oct-20;imps;0;1,24,701.43;6,23,507.13
04-Oct-20;cash;0;3,11,753.57;3,11,753.56
05-Oct-20;transfer;0;77,938.39;2,33,815.17
05-Oct-20;imps;102;0;2,33,917.17
05-Oct-20;atm;0;2,33,917.17;0
05-Oct-20;commission;3,973.23;0;3,973.23
05-Oct-20;cheque;4,43,570.00;0;4,47,543.23
05-Oct-20;neft;0;49,727.03;3,97,816.20
05-Oct-20;purchase;0;3,97,816.20;0
05-Oct-20;imps;137.45;0;137.45
05-Oct-20;miscellaneous;0;45.82;91.63
05-Oct-20;purchase;1,960.00;0;2,051.63
05-Oct-20;commission;1,359.10;0;3,410.73
05-Oct-20;cash;0;1,705.37;1,705.36
05-Oct-20;neft;6.4;0;1,711.76
05-Oct-20;interest;0;285.29;1,426.47
05-Oct-20;imps;0;158.5;1,267.97
05-Oct-20;debit card;0;181.14;1,086.83
05-Oct-20;cash;5.96;0;1,092.79
05-Oct-20;reversal;0;109.28;983.51
05-Oct-20;tax;641;0;1,624.51
05-Oct-20;reversal;911;0;2,535.51
05-Oct-20;tax;0;507.1;2,028.41
05-Oct-20;miscellaneous;0;676.14;1,352.27
05-Oct-20;neft;0;193.18;1,159.09
05-Oct-20;purchase;21.33;0;1,180.42
05-Oct-20;transfer;44.11;0;1,224.53
05-Oct-20;imps;0;612.27;612.26
05-Oct-20;transfer;1,68,429.00;0;1,69,041.26
06-Oct-20;cash;18,02,968.00;0;19,72,009.26
07-Oct-20;imps;64.24;0;19,72,073.50
07-Oct-20;rtgs;18,40,410.00;0;38,12,483.50
07-Oct-20;neft;0;12,70,827.83;25,41,655.67
07-Oct-20;imps;13,48,931.00;0;38,90,586.67
07-Oct-20;atm;0;4,32,287.41;34,58,299.26
07-Oct-20;cheque;1,666.40;0;34,59,965.66
07-Oct-20;atm;11;0;34,59,976.66
07-Oct-20;purchase;0;3,45,997.67;31,13,978.99
07-Oct-20;cash;0;31,13,978.99;0
07-Oct-20;transfer;50;0;50
07-Oct-20;cash;0;10;40
07-Oct-20;tax;0;20;20
07-Oct-20;transfer;496.86;0;516.86
07-Oct-20;rtgs;0;64.61;452.25
07-Oct-20;transfer;8,30,130.25;0;8,30,582.50
07-Oct-20;reversal;0;1,03,822.81;7,26,759.69
07-Oct-20;cash;36;0;7,26,795.69
07-Oct-20;tax;0;1,81,698.92;5,45,096.77
07-Oct-20;reversal;1,61,347.00;0;7,06,443.77
07-Oct-20;reversal;0;1,17,740.63;5,88,703.14
07-Oct-20;rtgs;211;0;5,88,914.14
07-Oct-20;atm;0;1,96,304.71;3,92,609.43
07-Oct-20;imps;95.5;0;3,92,704.93
07-Oct-20;purchase;0;65,450.82;3,27,254.11
07-Oct-20;debit card;30.45;0;3,27,284.56
07-Oct-20;tax;0;81,821.14;2,45,463.42
07-Oct-20;cash;0;81,821.14;1,63,642.28
07-Oct-20;purchase;0;16,364.23;1,47,278.05
08-Oct-20;transfer;0;24,546.34;1,22,731.71
08-Oct-20;atm;19.7;0;1,22,751.41
08-Oct-20;rtgs;5.48;0;1,22,756.89
08-Oct-20;interest;0;61,378.45;61,378.44
08-Oct-20;tax;2,877.40;0;64,255.84
08-Oct-20;tax;3,388.22;0;67,644.06
08-Oct-20;interest;6,887.50;0;74,531.56
08-Oct-20;bill;0;10,647.37;63,884.19
08-Oct-20;neft;0;6,388.42;57,495.77
08-Oct-20;bill;1,866.60;0;59,362.37
08-Oct-20;interest;0;19,787.46;39,574.91
08-Oct-20;reversal;0;9,893.73;29,681.18
08-Oct-20;atm;3.53;0;29,684.71
08-Oct-20;cash;0;2,968.47;26,716.24
08-Oct-20;miscellaneous;25;0;26,741.24
08-Oct-20;transfer;0;13,370.62;13,370.62
08-Oct-20;debit card;0;3,342.66;10,027.96
08-Oct-20;miscellaneous;0;1,671.33;8,356.63
08-Oct-20;miscellaneous;4.84;0;8,361.47
08-Oct-20;interest;0;1,672.29;6,689.18
08-Oct-20;atm;9;0;6,698.18
08-Oct-20;miscellaneous;0;6,698.18;0
08-Oct-20;imps;341.84;0;341.84
08-Oct-20;neft;0;85.46;256.38
08-Oct-20;commission;506.98;0;763.36
08-Oct-20;interest;0;95.42;667.94
08-Oct-20;miscellaneous;1,44,086.00;0;1,44,753.94
08-Oct-20;neft;0;18,094.24;1,26,659.70
08-Oct-20;rtgs;0;21,109.95;1,05,549.75
08-Oct-20;rtgs;0;52,774.88;52,774.88
08-Oct-20;purchase;0;5,863.88;46,911.00
08-Oct-20;miscellaneous;3,58,845.00;0;4,05,756.00
08-Oct-20;purchase;43;0;4,05,799.00
08-Oct-20;miscellaneous;0;81,159.80;3,24,639.20
08-Oct-20;cheque;5,22,390.25;0;8,47,029.45
08-Oct-20;interest;0;94,114.38;7,52,915.07
09-Oct-20;cheque;0;1,50,583.01;6,02,332.06
09-Oct-20;tax;0;6,02,332.06;0
09-Oct-20;imps;168;0;168
09-Oct-20;commission;31,331.80;0;31,499.80
09-Oct-20;transfer;14.74;0;31,514.54
09-Oct-20;interest;2,00,068.50;0;2,31,583.04
09-Oct-20;bill;1;0;2,31,584.04
09-Oct-20;bill;58.09;0;2,31,642.13
